-- 测试账号：admin/123456 (管理员), pharmacist1/123456 (药剂师), warehouse1/123456 (仓库管理员)

USE pharmacy_db;
SET NAMES utf8mb4;
SET CHARACTER_SET_CLIENT = utf8mb4;
SET CHARACTER_SET_RESULTS = utf8mb4;
SET CHARACTER_SET_CONNECTION = utf8mb4;

-- ----------------------------
-- 1. 用户数据
-- ----------------------------
INSERT INTO sys_user (id, username, password, real_name, phone, email, role, status, create_time) VALUES
(1, 'admin',       '$2a$10$QJodRYwg4C8fa8N5/53fCOA2saPvlmKKaCnazTJvn1pomf4P7t5mG', '系统管理员', '13800000001', 'admin@pharmacy.com',       0, 1, '2025-01-01 08:00:00'),
(2, 'pharmacist1', '$2a$10$QJodRYwg4C8fa8N5/53fCOA2saPvlmKKaCnazTJvn1pomf4P7t5mG', '张医师',     '13800000002', 'zhang@pharmacy.com',       1, 1, '2025-01-05 09:30:00'),
(3, 'pharmacist2', '$2a$10$QJodRYwg4C8fa8N5/53fCOA2saPvlmKKaCnazTJvn1pomf4P7t5mG', '李医师',     '13800000003', 'li@pharmacy.com',          1, 1, '2025-02-10 10:00:00'),
(4, 'warehouse1',  '$2a$10$QJodRYwg4C8fa8N5/53fCOA2saPvlmKKaCnazTJvn1pomf4P7t5mG', '王仓管',     '13800000004', 'wang@pharmacy.com',        2, 1, '2025-01-15 08:30:00'),
(5, 'warehouse2',  '$2a$10$QJodRYwg4C8fa8N5/53fCOA2saPvlmKKaCnazTJvn1pomf4P7t5mG', '赵仓管',     '13800000005', 'zhao@pharmacy.com',        2, 1, '2025-03-01 09:00:00');

-- ----------------------------
-- 2. 药品分类数据
-- ----------------------------
INSERT INTO drug_category (id, name, parent_id, sort, create_time) VALUES
(1,  '处方药',       0, 1, '2025-01-01 08:00:00'),
(2,  '非处方药',     0, 2, '2025-01-01 08:00:00'),
(3,  '中成药',       0, 3, '2025-01-01 08:00:00'),
(4,  '医疗器械',     0, 4, '2025-01-01 08:00:00'),
(5,  '抗生素类',     1, 1, '2025-01-01 08:00:00'),
(6,  '心血管药',     1, 2, '2025-01-01 08:00:00'),
(7,  '消化系统药',   1, 3, '2025-01-01 08:00:00'),
(8,  '感冒药',       2, 1, '2025-01-01 08:00:00'),
(9,  '止痛药',       2, 2, '2025-01-01 08:00:00'),
(10, '维生素类',     2, 3, '2025-01-01 08:00:00'),
(11, '清热解毒类',   3, 1, '2025-01-01 08:00:00'),
(12, '补益类',       3, 2, '2025-01-01 08:00:00');

-- ----------------------------
-- 3. 药品数据
-- ----------------------------
INSERT INTO drug (id, drug_code, generic_name, trade_name, dosage_form, specification, manufacturer, approval_number, barcode, category_id, unit, purchase_price, retail_price, description, status, create_time) VALUES
(1,  'YP20250001', '阿莫西林胶囊',       '阿莫仙',     '胶囊剂', '0.5g*24粒',    '珠海联邦制药股份有限公司',       '国药准字H44024097', '6922150265013', 5,  '盒', 8.50,  15.80,  '适用于敏感菌所致的呼吸道、泌尿道、胆道感染及伤寒等', 1, '2025-01-10 10:00:00'),
(2,  'YP20250002', '头孢拉定胶囊',       '先锋Ⅵ',     '胶囊剂', '0.25g*24粒',   '哈药集团制药总厂',               '国药准字H23020250', '6922150265020', 5,  '盒', 12.00, 22.50,  '用于呼吸道、泌尿生殖道、皮肤软组织等部位的感染', 1, '2025-01-10 10:00:00'),
(3,  'YP20250003', '阿奇霉素片',         '希舒美',     '片剂',   '0.25g*6片',    '辉瑞制药有限公司',               '国药准字H10960112', '6922150265037', 5,  '盒', 18.00, 32.00,  '适用于敏感菌株引起的支气管炎、肺炎等感染', 1, '2025-01-12 10:00:00'),
(4,  'YP20250004', '阿司匹林肠溶片',     '拜阿司匹灵', '片剂',   '100mg*30片',   '拜耳医药保健有限公司',           '国药准字J20171021', '6922150265044', 6,  '盒', 15.00, 28.50,  '用于预防心脑血管疾病，抑制血小板聚集', 1, '2025-01-15 10:00:00'),
(5,  'YP20250005', '辛伐他汀片',         '舒降之',     '片剂',   '20mg*14片',    '杭州默沙东制药有限公司',          '国药准字H19990366', '6922150265051', 6,  '盒', 22.00, 38.00,  '用于高胆固醇血症、冠心病的治疗', 1, '2025-01-15 10:00:00'),
(6,  'YP20250006', '硝苯地平缓释片',     '伲福达',     '片剂',   '10mg*30片',    '青岛黄海制药有限责任公司',        '国药准字H10910052', '6922150265068', 6,  '盒', 10.00, 18.50,  '用于高血压、心绞痛的治疗', 1, '2025-02-01 10:00:00'),
(7,  'YP20250007', '奥美拉唑肠溶胶囊',   '洛赛克',     '胶囊剂', '20mg*14粒',    '阿斯利康制药有限公司',           '国药准字H20030945', '6922150265075', 7,  '盒', 25.00, 45.00,  '用于胃溃疡、十二指肠溃疡、反流性食管炎的治疗', 1, '2025-02-01 10:00:00'),
(8,  'YP20250008', '蒙脱石散',           '思密达',     '散剂',   '3g*10袋',      '博福-益普生(天津)制药有限公司',   '国药准字H20000690', '6922150265082', 7,  '盒', 16.00, 29.00,  '用于成人及儿童急、慢性腹泻', 1, '2025-02-05 10:00:00'),
(9,  'YP20250009', '多潘立酮片',         '吗丁啉',     '片剂',   '10mg*30片',    '西安杨森制药有限公司',           '国药准字H10910003', '6922150265099', 7,  '盒', 14.00, 25.00,  '用于消化不良、腹胀、恶心呕吐的治疗', 1, '2025-02-05 10:00:00'),
(10, 'YP20250010', '二甲双胍片',         '格华止',     '片剂',   '0.5g*20片',    '中美上海施贵宝制药有限公司',      '国药准字H20023370', '6922150265105', 6,  '盒', 18.50, 33.00,  '用于2型糖尿病的治疗', 1, '2025-02-10 10:00:00'),
(11, 'YP20250011', '布洛芬缓释胶囊',     '芬必得',     '胶囊剂', '0.3g*20粒',    '中美天津史克制药有限公司',        '国药准字H10900089', '6922150265112', 9,  '盒', 10.00, 19.80,  '用于缓解轻至中度疼痛，如头痛、关节痛、偏头痛、牙痛', 1, '2025-02-15 10:00:00'),
(12, 'YP20250012', '对乙酰氨基酚片',     '泰诺林',     '片剂',   '0.5g*20片',    '上海强生制药有限公司',           '国药准字H31020800', '6922150265129', 9,  '盒', 6.00,  12.50,  '用于普通感冒或流行性感冒引起的发热，也用于缓解轻至中度疼痛', 1, '2025-02-15 10:00:00'),
(13, 'YP20250013', '复方氨酚烷胺片',     '感康',       '片剂',   '12片/板',      '吉林省吴太感康药业有限公司',      '国药准字H22026193', '6922150265136', 8,  '盒', 5.50,  11.00,  '适用于缓解普通感冒及流行性感冒引起的发热、头痛、鼻塞、咽痛等', 1, '2025-03-01 10:00:00'),
(14, 'YP20250014', '维C银翘片',          '维C银翘',    '片剂',   '24片/瓶',      '江西铜鼓仁和制药有限公司',        '国药准字Z36020070', '6922150265143', 8,  '瓶', 4.00,  8.50,   '用于流行性感冒引起的发热、头痛、咳嗽、口干、咽喉疼痛', 1, '2025-03-01 10:00:00'),
(15, 'YP20250015', '连花清瘟胶囊',       '连花清瘟',   '胶囊剂', '0.35g*48粒',   '石家庄以岭药业股份有限公司',      '国药准字Z20040063', '6922150265150', 11, '盒', 12.00, 24.80,  '清瘟解毒，宣肺泄热。用于流行性感冒属热毒袭肺证', 1, '2025-03-05 10:00:00'),
(16, 'YP20250016', '板蓝根颗粒',         '白云山',     '颗粒剂', '10g*20袋',     '广州白云山和记黄埔中药有限公司',  '国药准字Z44020360', '6922150265167', 11, '盒', 8.00,  16.00,  '清热解毒，凉血利咽。用于肺胃热盛所致的咽喉肿痛、口咽干燥', 1, '2025-03-05 10:00:00'),
(17, 'YP20250017', '六味地黄丸',         '同仁堂',     '丸剂',   '360丸/瓶',     '北京同仁堂科技发展股份有限公司',  '国药准字Z11020085', '6922150265174', 12, '瓶', 15.00, 28.00,  '滋阴补肾。用于肾阴亏损所致的头晕耳鸣、腰膝酸软', 1, '2025-03-10 10:00:00'),
(18, 'YP20250018', '复方丹参滴丸',       '天士力',     '滴丸剂', '27mg*180丸',   '天津天士力制药集团股份有限公司',  '国药准字Z10950111', '6922150265181', 12, '盒', 20.00, 36.00,  '活血化瘀，理气止痛。用于气滞血瘀所致的胸痹', 1, '2025-03-10 10:00:00'),
(19, 'YP20250019', '复方甘草片',         NULL,         '片剂',   '100片/瓶',     '上海信谊药厂有限公司',           '国药准字H31022748', '6922150265198', 8,  '瓶', 3.50,  7.00,   '用于镇咳祛痰', 1, '2025-03-15 10:00:00'),
(20, 'YP20250020', '维生素C片',          '力度伸',     '片剂',   '1g*10片',      '拜耳医药保健有限公司',           '国药准字H10920022', '6922150265204', 10, '盒', 20.00, 35.00,  '用于预防和治疗维生素C缺乏症', 1, '2025-03-15 10:00:00'),
(21, 'YP20250021', '维生素B族片',        '善存',       '片剂',   '60片/瓶',      '惠氏制药有限公司',               '国药准字H10950025', '6922150265211', 10, '瓶', 35.00, 68.00,  '用于预防和治疗B族维生素缺乏所致的营养不良', 1, '2025-04-01 10:00:00'),
(22, 'YP20250022', '钙尔奇D片',          '钙尔奇',     '片剂',   '600mg*60片',   '惠氏制药有限公司',               '国药准字H10950029', '6922150265228', 10, '瓶', 40.00, 72.00,  '用于妊娠和哺乳期妇女、更年期妇女、老年人等的钙补充', 1, '2025-04-01 10:00:00'),
(23, 'YP20250023', '氯雷他定片',         '开瑞坦',     '片剂',   '10mg*6片',     '上海先灵葆雅制药有限公司',        '国药准字H10970410', '6922150265235', 9,  '盒', 16.00, 29.80,  '用于缓解过敏性鼻炎、慢性荨麻疹等过敏性皮肤病的症状', 1, '2025-04-10 10:00:00'),
(24, 'YP20250024', '氨溴索口服溶液',     '沐舒坦',     '口服液', '100ml/瓶',     '勃林格殷格翰药业有限公司',        '国药准字H20031314', '6922150265242', 8,  '瓶', 18.00, 32.00,  '用于急、慢性呼吸道疾病引起的痰液分泌异常', 1, '2025-04-10 10:00:00'),
(25, 'YP20250025', '藿香正气水',         '太极',       '合剂',   '10ml*10支',    '太极集团重庆涪陵制药厂有限公司',  '国药准字Z50020409', '6922150265259', 11, '盒', 6.00,  12.80,  '解表化湿，理气和中。用于外感风寒、内伤湿滞', 1, '2025-05-01 10:00:00'),
(26, 'YP20250026', '阿卡波糖片',         '拜唐苹',     '片剂',   '50mg*30片',    '拜耳医药保健有限公司',           '国药准字H19990205', '6922150265266', 6,  '盒', 55.00, 88.00,  '配合饮食控制用于2型糖尿病', 1, '2025-05-01 10:00:00'),
(27, 'YP20250027', '氯化钠注射液',       NULL,         '注射剂', '250ml/瓶',     '四川科伦药业股份有限公司',        '国药准字H51020636', '6922150265273', 5,  '瓶', 2.50,  5.00,   '用于各种原因所致的失水，包括等渗性、低渗性和高渗性失水', 1, '2025-05-15 10:00:00'),
(28, 'YP20250028', '葡萄糖注射液',       NULL,         '注射剂', '250ml/瓶',     '四川科伦药业股份有限公司',        '国药准字H51020634', '6922150265280', 5,  '瓶', 2.00,  4.50,   '补充热能和体液，用于各种原因引起的进食不足或大量体液丢失', 1, '2025-05-15 10:00:00'),
(29, 'YP20250029', '云南白药气雾剂',     '云南白药',   '气雾剂', '85g+60g/套',   '云南白药集团股份有限公司',        '国药准字Z53020799', '6922150265297', 12, '套', 30.00, 55.00,  '活血散瘀，消肿止痛。用于跌打损伤、瘀血肿痛', 1, '2025-06-01 10:00:00'),
(30, 'YP20250030', '创可贴',             '邦迪',       '贴剂',   '100片/盒',     '强生(上海)医疗器材有限公司',      NULL,                '6922150265303', 4,  '盒', 8.00,  15.00,  '用于小创伤、擦伤等伤口的止血、护创', 1, '2025-06-01 10:00:00'),
(31, 'YP20250031', '医用外科口罩',       '稳健',       NULL,     '50只/盒',      '稳健医疗用品股份有限公司',        NULL,                '6922150265310', 4,  '盒', 10.00, 20.00,  '医用外科口罩，三层防护', 1, '2025-06-10 10:00:00'),
(32, 'YP20250032', '电子体温计',         '欧姆龙',     NULL,     '1支/盒',       '欧姆龙(大连)有限公司',           NULL,                '6922150265327', 4,  '盒', 25.00, 48.00,  '用于测量人体体温', 1, '2025-06-10 10:00:00');

-- ----------------------------
-- 4. 供应商数据
-- ----------------------------
INSERT INTO supplier (id, name, contact_person, phone, email, address, status, create_time) VALUES
(1, '国药控股股份有限公司',               '陈经理', '021-51035888', 'chen@sinopharm.com',    '上海市虹口区东大名路638号',           1, '2025-01-01 08:00:00'),
(2, '华润医药集团有限公司',               '刘经理', '010-82126688', 'liu@crpharm.com',       '北京市东城区东直门南大街1号',         1, '2025-01-01 08:00:00'),
(3, '上海医药集团股份有限公司',           '孙经理', '021-23018888', 'sun@sphchina.com',      '上海市太仓路200号',                   1, '2025-01-05 08:00:00'),
(4, '广州医药有限公司',                   '周经理', '020-87303618', 'zhou@gpc.com.cn',       '广州市越秀区东风西路186号',           1, '2025-01-10 08:00:00'),
(5, '九州通医药集团股份有限公司',         '吴经理', '027-83366666', 'wu@jztey.com',          '武汉市汉阳区龙阳大道特8号',           1, '2025-02-01 08:00:00'),
(6, '南京医药股份有限公司',               '郑经理', '025-83163358', 'zheng@njyy.com',        '南京市秦淮区光华路12号',              1, '2025-02-15 08:00:00'),
(7, '重庆医药(集团)股份有限公司',         '钱经理', '023-63736888', 'qian@cqyyjt.com',       '重庆市渝中区民生路65号',              1, '2025-03-01 08:00:00'),
(8, '浙江英特集团股份有限公司',           '冯经理', '0571-87952020', 'feng@integroup.com',   '杭州市下城区环城东路23号',            1, '2025-03-15 08:00:00');

-- ----------------------------
-- 5. 库存数据
-- ----------------------------
INSERT INTO inventory (id, drug_id, batch_number, quantity, warning_threshold, production_date, expiry_date, location, create_time) VALUES
(1,  1,  '20250101', 200,  20, '2025-01-01', '2027-01-01', 'A区-1排-01号', '2025-01-15 10:00:00'),
(2,  1,  '20250601', 150,  20, '2025-06-01', '2027-06-01', 'A区-1排-01号', '2025-06-20 10:00:00'),
(3,  2,  '20250201', 180,  15, '2025-02-01', '2027-02-01', 'A区-1排-02号', '2025-02-20 10:00:00'),
(4,  3,  '20250301', 100,  15, '2025-03-01', '2027-03-01', 'A区-1排-03号', '2025-03-15 10:00:00'),
(5,  4,  '20250115', 300,  20, '2025-01-15', '2028-01-15', 'A区-2排-01号', '2025-02-01 10:00:00'),
(6,  5,  '20250201', 120,  10, '2025-02-01', '2027-08-01', 'A区-2排-02号', '2025-02-15 10:00:00'),
(7,  6,  '20250301', 250,  20, '2025-03-01', '2027-09-01', 'A区-2排-03号', '2025-03-20 10:00:00'),
(8,  7,  '20241201', 50,   15, '2024-12-01', '2026-06-01', 'B区-1排-01号', '2025-01-10 10:00:00'),
(9,  8,  '20250401', 180,  10, '2025-04-01', '2027-04-01', 'B区-1排-02号', '2025-04-15 10:00:00'),
(10, 9,  '20250501', 160,  10, '2025-05-01', '2027-11-01', 'B区-1排-03号', '2025-05-15 10:00:00'),
(11, 10, '20250301', 220,  20, '2025-03-01', '2027-03-01', 'A区-3排-01号', '2025-03-20 10:00:00'),
(12, 11, '20250601', 300,  20, '2025-06-01', '2027-12-01', 'C区-1排-01号', '2025-06-15 10:00:00'),
(13, 12, '20250401', 400,  30, '2025-04-01', '2027-10-01', 'C区-1排-02号', '2025-04-20 10:00:00'),
(14, 13, '20250701', 500,  30, '2025-07-01', '2027-07-01', 'C区-1排-03号', '2025-07-15 10:00:00'),
(15, 14, '20250801', 350,  25, '2025-08-01', '2027-08-01', 'C区-2排-01号', '2025-08-15 10:00:00'),
(16, 15, '20250901', 200,  15, '2025-09-01', '2027-09-01', 'C区-2排-02号', '2025-09-15 10:00:00'),
(17, 16, '20250501', 280,  20, '2025-05-01', '2027-05-01', 'C区-2排-03号', '2025-05-20 10:00:00'),
(18, 17, '20241001', 80,   10, '2024-10-01', '2026-04-01', 'D区-1排-01号', '2025-01-05 10:00:00'),
(19, 18, '20250601', 150,  15, '2025-06-01', '2027-12-01', 'D区-1排-02号', '2025-06-20 10:00:00'),
(20, 19, '20250301', 600,  40, '2025-03-01', '2027-03-01', 'C区-3排-01号', '2025-03-20 10:00:00'),
(21, 20, '20250801', 100,  10, '2025-08-01', '2027-08-01', 'C区-3排-02号', '2025-08-20 10:00:00'),
(22, 21, '20250901', 90,   10, '2025-09-01', '2027-09-01', 'C区-3排-03号', '2025-09-20 10:00:00'),
(23, 22, '20251001', 70,   10, '2025-10-01', '2027-10-01', 'C区-4排-01号', '2025-10-15 10:00:00'),
(24, 23, '20251101', 130,  15, '2025-11-01', '2027-11-01', 'C区-4排-02号', '2025-11-10 10:00:00'),
(25, 24, '20250701', 110,  10, '2025-07-01', '2027-07-01', 'C区-4排-03号', '2025-07-20 10:00:00'),
(26, 25, '20251201', 220,  20, '2025-12-01', '2027-12-01', 'D区-2排-01号', '2025-12-15 10:00:00'),
(27, 26, '20250801', 60,   10, '2025-08-01', '2027-08-01', 'A区-3排-02号', '2025-08-20 10:00:00'),
(28, 27, '20251001', 500,  50, '2025-10-01', '2027-10-01', 'E区-1排-01号', '2025-10-20 10:00:00'),
(29, 28, '20251001', 500,  50, '2025-10-01', '2027-10-01', 'E区-1排-02号', '2025-10-20 10:00:00'),
(30, 29, '20250601', 45,   10, '2025-06-01', '2027-06-01', 'D区-2排-02号', '2025-06-20 10:00:00'),
(31, 30, '20260101', 350,  30, '2026-01-01', '2028-01-01', 'D区-3排-01号', '2026-01-10 10:00:00'),
(32, 31, '20260101', 800,  50, '2026-01-01', '2028-01-01', 'D区-3排-02号', '2026-01-10 10:00:00'),
(33, 32, '20260201', 40,   10, '2026-02-01', '2029-02-01', 'D区-3排-03号', '2026-02-10 10:00:00'),
-- 低库存记录（测试预警）
(34, 3,  '20241101', 5,    15, '2024-11-01', '2026-05-01', 'A区-1排-03号', '2025-01-05 10:00:00'),
(35, 7,  '20240801', 3,    15, '2024-08-01', '2026-04-15', 'B区-1排-01号', '2025-01-10 10:00:00'),
-- 近效期记录（测试效期预警）
(36, 8,  '20240601', 25,   10, '2024-06-01', '2026-04-01', 'B区-1排-02号', '2025-01-05 10:00:00'),
(37, 12, '20240301', 8,    30, '2024-03-01', '2026-03-25', 'C区-1排-02号', '2025-01-05 10:00:00');

-- ----------------------------
-- 6. 出入库记录数据
-- ----------------------------
INSERT INTO inventory_log (id, drug_id, inventory_id, type, quantity, before_quantity, after_quantity, reason, operator_id, create_time) VALUES
(1,  1,  1,  0, 200, 0,   200, '首次采购入库',           4, '2025-01-15 10:00:00'),
(2,  2,  3,  0, 180, 0,   180, '首次采购入库',           4, '2025-02-20 10:00:00'),
(3,  3,  4,  0, 100, 0,   100, '首次采购入库',           4, '2025-03-15 10:00:00'),
(4,  4,  5,  0, 300, 0,   300, '首次采购入库',           4, '2025-02-01 10:00:00'),
(5,  5,  6,  0, 120, 0,   120, '首次采购入库',           4, '2025-02-15 10:00:00'),
(6,  1,  1,  1, 30,  200, 170, '销售出库',               2, '2025-02-10 14:00:00'),
(7,  2,  3,  1, 20,  180, 160, '销售出库',               2, '2025-03-05 15:00:00'),
(8,  4,  5,  1, 50,  300, 250, '销售出库',               3, '2025-03-10 10:30:00'),
(9,  1,  2,  0, 150, 0,   150, '二次采购入库',           4, '2025-06-20 10:00:00'),
(10, 11, 12, 0, 300, 0,   300, '首次采购入库',           4, '2025-06-15 10:00:00'),
(11, 13, 14, 0, 500, 0,   500, '首次采购入库',           5, '2025-07-15 10:00:00'),
(12, 14, 15, 0, 350, 0,   350, '首次采购入库',           5, '2025-08-15 10:00:00'),
(13, 11, 12, 1, 40,  300, 260, '销售出库',               2, '2025-07-20 14:00:00'),
(14, 13, 14, 1, 60,  500, 440, '销售出库',               3, '2025-08-10 10:00:00'),
(15, 6,  7,  0, 250, 0,   250, '首次采购入库',           4, '2025-03-20 10:00:00'),
(16, 7,  8,  0, 80,  0,   80,  '采购入库',               4, '2025-01-10 10:00:00'),
(17, 7,  8,  1, 15,  80,  65,  '销售出库',               2, '2025-04-15 15:30:00'),
(18, 8,  9,  0, 180, 0,   180, '首次采购入库',           5, '2025-04-15 10:00:00'),
(19, 15, 16, 0, 200, 0,   200, '首次采购入库',           4, '2025-09-15 10:00:00'),
(20, 16, 17, 0, 280, 0,   280, '首次采购入库',           5, '2025-05-20 10:00:00'),
(21, 20, 21, 0, 100, 0,   100, '首次采购入库',           4, '2025-08-20 10:00:00'),
(22, 23, 24, 0, 130, 0,   130, '首次采购入库',           5, '2025-11-10 10:00:00'),
(23, 25, 26, 0, 220, 0,   220, '首次采购入库',           4, '2025-12-15 10:00:00'),
(24, 3,  34, 1, 10,  15,  5,   '销售出库',               2, '2025-12-20 14:00:00'),
(25, 7,  35, 1, 12,  15,  3,   '销售出库',               3, '2026-01-15 10:30:00'),
(26, 30, 31, 0, 350, 0,   350, '首次采购入库',           4, '2026-01-10 10:00:00'),
(27, 31, 32, 0, 800, 0,   800, '首次采购入库',           5, '2026-01-10 10:00:00'),
(28, 32, 33, 0, 40,  0,   40,  '首次采购入库',           4, '2026-02-10 10:00:00'),
(29, 17, 18, 1, 10,  80,  70,  '销售出库',               2, '2025-05-10 16:00:00'),
(30, 9,  10, 1, 25,  160, 135, '销售出库',               3, '2025-09-05 11:00:00'),
(31, 29, 30, 1, 5,   50,  45,  '销售出库',               2, '2025-10-20 15:00:00'),
(32, 12, 37, 1, 20,  28,  8,   '销售出库',               3, '2026-02-15 10:00:00');

-- ----------------------------
-- 7. 采购单数据
-- ----------------------------
INSERT INTO purchase_order (id, order_no, supplier_id, total_amount, status, remark, creator_id, approver_id, create_time, update_time) VALUES
(1,  'PO202501001', 1, 3700.00,  2, '首批药品采购',                       4, 1, '2025-01-10 09:00:00', '2025-01-14 16:00:00'),
(2,  'PO202502001', 2, 5160.00,  2, '心血管类药品补充采购',               4, 1, '2025-02-01 09:00:00', '2025-02-05 16:00:00'),
(3,  'PO202503001', 3, 4280.00,  2, '消化系统药品采购',                   5, 1, '2025-03-01 09:00:00', '2025-03-05 16:00:00'),
(4,  'PO202505001', 4, 2750.00,  2, '感冒类药品采购',                     4, 1, '2025-05-01 09:00:00', '2025-05-05 16:00:00'),
(5,  'PO202506001', 5, 6300.00,  2, 'OTC药品大批量采购',                  5, 1, '2025-06-10 09:00:00', '2025-06-15 16:00:00'),
(6,  'PO202508001', 1, 4850.00,  1, '维生素类药品采购',                   4, 1, '2025-08-01 09:00:00', '2025-08-05 16:00:00'),
(7,  'PO202510001', 6, 3200.00,  2, '注射液常规采购',                     5, 1, '2025-10-01 09:00:00', '2025-10-05 16:00:00'),
(8,  'PO202512001', 7, 2180.00,  0, '中成药冬季备货',                     4, NULL, '2025-12-01 09:00:00', '2025-12-01 09:00:00'),
(9,  'PO202601001', 8, 5500.00,  0, '2026年Q1常规备货',                   5, NULL, '2026-01-05 09:00:00', '2026-01-05 09:00:00'),
(10, 'PO202603001', 2, 1200.00,  3, '紧急补货单-已取消（供应商缺货）',    4, 1, '2026-03-01 09:00:00', '2026-03-03 10:00:00');

-- ----------------------------
-- 8. 采购单明细数据
-- ----------------------------
INSERT INTO purchase_order_item (id, purchase_order_id, drug_id, quantity, unit_price, amount) VALUES
(1,  1, 1,  200, 8.50,  1700.00),
(2,  1, 2,  100, 12.00, 1200.00),
(3,  1, 3,  80,  10.00, 800.00),
(4,  2, 4,  200, 15.00, 3000.00),
(5,  2, 5,  60,  22.00, 1320.00),
(6,  2, 6,  50,  16.80, 840.00),
(7,  3, 7,  80,  25.00, 2000.00),
(8,  3, 8,  80,  16.00, 1280.00),
(9,  3, 9,  60,  14.00, 840.00),
(10, 3, 10, 10,  16.00, 160.00),
(11, 4, 13, 200, 5.50,  1100.00),
(12, 4, 14, 150, 4.00,  600.00),
(13, 4, 15, 50,  12.00, 600.00),
(14, 4, 19, 150, 3.00,  450.00),
(15, 5, 11, 300, 10.00, 3000.00),
(16, 5, 12, 200, 6.00,  1200.00),
(17, 5, 23, 50,  16.00, 800.00),
(18, 5, 24, 50,  18.00, 900.00),
(19, 5, 25, 80,  5.00,  400.00),
(20, 6, 20, 50,  20.00, 1000.00),
(21, 6, 21, 50,  35.00, 1750.00),
(22, 6, 22, 30,  40.00, 1200.00),
(23, 6, 26, 10,  55.00, 550.00),
(24, 7, 27, 500, 2.50,  1250.00),
(25, 7, 28, 500, 2.00,  1000.00),
(26, 7, 29, 15,  30.00, 450.00),
(27, 7, 30, 50,  10.00, 500.00),
(28, 8, 15, 100, 12.00, 1200.00),
(29, 8, 17, 30,  15.00, 450.00),
(30, 8, 25, 50,  6.00,  300.00),
(31, 9, 1,  200, 8.50,  1700.00),
(32, 9, 4,  100, 15.00, 1500.00),
(33, 9, 11, 150, 10.00, 1500.00),
(34, 9, 13, 100, 5.50,  550.00),
(35, 10, 3, 60,  18.00, 1080.00);

-- ----------------------------
-- 9. 销售记录数据
-- ----------------------------
INSERT INTO sale_record (id, order_no, drug_id, batch_number, quantity, unit_price, amount, customer_name, operator_id, create_time) VALUES
(1,  'SO202502001', 1,  '20250101', 5,  15.80, 79.00,  '王先生',   2, '2025-02-10 14:00:00'),
(2,  'SO202502002', 1,  '20250101', 10, 15.80, 158.00, '刘女士',   2, '2025-02-15 15:30:00'),
(3,  'SO202503001', 2,  '20250201', 3,  22.50, 67.50,  '陈老先生', 3, '2025-03-05 10:00:00'),
(4,  'SO202503002', 4,  '20250115', 10, 28.50, 285.00, '张阿姨',   2, '2025-03-10 10:30:00'),
(5,  'SO202503003', 4,  '20250115', 5,  28.50, 142.50, '赵先生',   3, '2025-03-18 16:00:00'),
(6,  'SO202504001', 7,  '20241201', 3,  45.00, 135.00, '马女士',   2, '2025-04-15 15:30:00'),
(7,  'SO202505001', 17, '20241001', 2,  28.00, 56.00,  '孙先生',   2, '2025-05-10 16:00:00'),
(8,  'SO202506001', 11, '20250601', 5,  19.80, 99.00,  '周女士',   3, '2025-07-20 14:00:00'),
(9,  'SO202506002', 13, '20250701', 10, 11.00, 110.00, '吴先生',   2, '2025-08-10 10:00:00'),
(10, 'SO202507001', 13, '20250701', 20, 11.00, 220.00, '社区卫生站', 3, '2025-08-25 09:30:00'),
(11, 'SO202508001', 6,  '20250301', 8,  18.50, 148.00, '冯先生',   2, '2025-09-01 14:30:00'),
(12, 'SO202509001', 9,  '20250501', 5,  25.00, 125.00, '杨女士',   3, '2025-09-05 11:00:00'),
(13, 'SO202510001', 29, '20250601', 2,  55.00, 110.00, '韩先生',   2, '2025-10-20 15:00:00'),
(14, 'SO202511001', 20, '20250801', 3,  35.00, 105.00, '黄女士',   3, '2025-11-05 10:00:00'),
(15, 'SO202511002', 15, '20250901', 6,  24.80, 148.80, '社区诊所', 2, '2025-11-20 14:00:00'),
(16, 'SO202512001', 3,  '20241101', 5,  32.00, 160.00, '唐先生',   2, '2025-12-20 14:00:00'),
(17, 'SO202601001', 7,  '20240801', 3,  45.00, 135.00, '曹女士',   3, '2026-01-15 10:30:00'),
(18, 'SO202601002', 30, '20260101', 10, 15.00, 150.00, '林先生',   2, '2026-01-25 16:00:00'),
(19, 'SO202602001', 12, '20240301', 8,  12.50, 100.00, '何女士',   3, '2026-02-15 10:00:00'),
(20, 'SO202603001', 16, '20250501', 4,  16.00, 64.00,  '许先生',   2, '2026-03-05 14:30:00'),
(21, 'SO202603002', 31, '20260101', 20, 20.00, 400.00, '社区卫生站', 3, '2026-03-10 09:00:00'),
(22, 'SO202603003', 22, '20251001', 2,  72.00, 144.00, '沈阿姨',   2, '2026-03-12 15:00:00');

-- ----------------------------
-- 10. 效期预警数据
-- ----------------------------
INSERT INTO expiry_alert (id, drug_id, inventory_id, batch_number, expiry_date, alert_level, status, handler_note, handle_time, create_time) VALUES
(1, 12, 37, '20240301', '2026-03-25', 2, 0, NULL,                                        NULL,                        '2026-02-25 08:00:00'),
(2, 8,  36, '20240601', '2026-04-01', 2, 0, NULL,                                        NULL,                        '2026-03-01 08:00:00'),
(3, 17, 18, '20241001', '2026-04-01', 2, 0, NULL,                                        NULL,                        '2026-03-01 08:00:00'),
(4, 7,  35, '20240801', '2026-04-15', 1, 0, NULL,                                        NULL,                        '2026-01-15 08:00:00'),
(5, 3,  34, '20241101', '2026-05-01', 1, 0, NULL,                                        NULL,                        '2025-12-01 08:00:00'),
(6, 7,  8,  '20241201', '2026-06-01', 0, 1, '已安排优先销售',                             '2026-01-20 10:00:00',       '2025-12-01 08:00:00'),
(7, 1,  1,  '20250101', '2027-01-01', 0, 1, '库存充足，正常周转中',                       '2026-02-10 14:00:00',       '2026-01-01 08:00:00'),
(8, 2,  3,  '20250201', '2027-02-01', 0, 0, NULL,                                        NULL,                        '2026-02-01 08:00:00'),
(9, 10, 11, '20250301', '2027-03-01', 0, 1, '已制定促销计划加速周转',                     '2026-03-05 09:00:00',       '2026-03-01 08:00:00'),
(10,19, 20, '20250301', '2027-03-01', 0, 0, NULL,                                        NULL,                        '2026-03-01 08:00:00');

-- ----------------------------
-- 11. 操作日志数据
-- ----------------------------
INSERT INTO operation_log (id, user_id, username, module, action, description, ip, create_time) VALUES
(1,  1, 'admin',       '系统管理', '登录',   '管理员登录系统',                              '192.168.1.100', '2025-01-01 08:00:00'),
(2,  1, 'admin',       '用户管理', '新增',   '新增用户：pharmacist1（张医师）',              '192.168.1.100', '2025-01-05 09:30:00'),
(3,  1, 'admin',       '用户管理', '新增',   '新增用户：warehouse1（王仓管）',               '192.168.1.100', '2025-01-15 08:30:00'),
(4,  4, 'warehouse1',  '库存管理', '入库',   '药品【阿莫西林胶囊】入库200盒，批次20250101', '192.168.1.101', '2025-01-15 10:00:00'),
(5,  4, 'warehouse1',  '库存管理', '入库',   '药品【头孢拉定胶囊】入库180盒，批次20250201', '192.168.1.101', '2025-02-20 10:00:00'),
(6,  2, 'pharmacist1', '销售管理', '销售',   '销售【阿莫西林胶囊】5盒给王先生',             '192.168.1.102', '2025-02-10 14:00:00'),
(7,  1, 'admin',       '采购管理', '审核',   '审核采购单PO202501001，批准入库',              '192.168.1.100', '2025-01-14 16:00:00'),
(8,  1, 'admin',       '采购管理', '审核',   '审核采购单PO202502001，批准入库',              '192.168.1.100', '2025-02-05 16:00:00'),
(9,  5, 'warehouse2',  '库存管理', '入库',   '药品【感康片】入库500盒，批次20250701',        '192.168.1.103', '2025-07-15 10:00:00'),
(10, 3, 'pharmacist2', '销售管理', '销售',   '销售【感康片】20盒给社区卫生站',               '192.168.1.104', '2025-08-25 09:30:00'),
(11, 1, 'admin',       '药品管理', '新增',   '新增药品：创可贴（邦迪）',                     '192.168.1.100', '2025-06-01 10:00:00'),
(12, 1, 'admin',       '药品管理', '新增',   '新增药品：医用外科口罩（稳健）',               '192.168.1.100', '2025-06-10 10:00:00'),
(13, 4, 'warehouse1',  '库存管理', '盘点',   '月度库存盘点：A区、B区，无差异',               '192.168.1.101', '2025-09-30 17:00:00'),
(14, 1, 'admin',       '系统管理', '登录',   '管理员登录系统',                               '192.168.1.100', '2026-01-02 08:30:00'),
(15, 2, 'pharmacist1', '效期预警', '处理',   '处理效期预警：奥美拉唑胶囊（批次20241201），安排优先销售', '192.168.1.102', '2026-01-20 10:00:00'),
(16, 1, 'admin',       '采购管理', '取消',   '取消采购单PO202603001，供应商缺货',            '192.168.1.100', '2026-03-03 10:00:00'),
(17, 3, 'pharmacist2', '销售管理', '销售',   '销售【医用外科口罩】20盒给社区卫生站',          '192.168.1.104', '2026-03-10 09:00:00'),
(18, 1, 'admin',       '效期预警', '处理',   '处理效期预警：二甲双胍片（批次20250301），制定促销计划', '192.168.1.100', '2026-03-05 09:00:00');

-- ============================================================
-- 补充数据：药品图片 URL（真实可访问的免费图片，按药品类型分类匹配）
-- ============================================================
-- 胶囊类药品（阿莫西林、头孢拉定、奥美拉唑、布洛芬、连花清瘟）
UPDATE drug SET image = 'https://images.unsplash.com/photo-1584308666744-24d5c474f2ae?w=400' WHERE id = 1;
UPDATE drug SET image = 'https://images.unsplash.com/photo-1562243061-204550d8a2c9?w=400' WHERE id = 2;
UPDATE drug SET image = 'https://images.unsplash.com/photo-1587854692152-cbe660dbde88?w=400' WHERE id = 7;
UPDATE drug SET image = 'https://images.unsplash.com/photo-1559757175-5700dde675bc?w=400' WHERE id = 11;
UPDATE drug SET image = 'https://images.unsplash.com/photo-1471864190281-a93a3070b6de?w=400' WHERE id = 15;
-- 片剂类药品（阿奇霉素、阿司匹林、辛伐他汀、硝苯地平、多潘立酮、二甲双胍、对乙酰氨基酚、感康、维C银翘、复方甘草、维C、维B、钙尔奇、氯雷他定、阿卡波糖）
UPDATE drug SET image = 'https://images.unsplash.com/photo-1585435557343-3b092031a831?w=400' WHERE id = 3;
UPDATE drug SET image = 'https://images.unsplash.com/photo-1576602976047-174e57a47881?w=400' WHERE id = 4;
UPDATE drug SET image = 'https://images.unsplash.com/photo-1631549916768-4119b2e5f926?w=400' WHERE id = 5;
UPDATE drug SET image = 'https://images.unsplash.com/photo-1607619056574-7b8d3ee536b2?w=400' WHERE id = 6;
UPDATE drug SET image = 'https://images.unsplash.com/photo-1512069772995-ec65ed45afd6?w=400' WHERE id = 9;
UPDATE drug SET image = 'https://images.unsplash.com/photo-1550572017-4fcdbb59cc32?w=400' WHERE id = 10;
UPDATE drug SET image = 'https://images.unsplash.com/photo-1583947215259-38e31be8751f?w=400' WHERE id = 12;
UPDATE drug SET image = 'https://images.unsplash.com/photo-1573883431205-98b5f10aaedb?w=400' WHERE id = 13;
UPDATE drug SET image = 'https://images.unsplash.com/photo-1585435557343-3b092031a831?w=400' WHERE id = 14;
UPDATE drug SET image = 'https://images.unsplash.com/photo-1587854692152-cbe660dbde88?w=400' WHERE id = 19;
UPDATE drug SET image = 'https://images.unsplash.com/photo-1471864190281-a93a3070b6de?w=400' WHERE id = 20;
UPDATE drug SET image = 'https://images.unsplash.com/photo-1576602976047-174e57a47881?w=400' WHERE id = 21;
UPDATE drug SET image = 'https://images.unsplash.com/photo-1584017911766-d451b3d0e843?w=400' WHERE id = 22;
UPDATE drug SET image = 'https://images.unsplash.com/photo-1550572017-4fcdbb59cc32?w=400' WHERE id = 23;
UPDATE drug SET image = 'https://images.unsplash.com/photo-1585435557343-3b092031a831?w=400' WHERE id = 26;
-- 散剂/颗粒/口服液（蒙脱石散、板蓝根颗粒、氨溴索口服液、藿香正气水）
UPDATE drug SET image = 'https://images.unsplash.com/photo-1587854692152-cbe660dbde88?w=400' WHERE id = 8;
UPDATE drug SET image = 'https://images.unsplash.com/photo-1584308666744-24d5c474f2ae?w=400' WHERE id = 16;
UPDATE drug SET image = 'https://images.unsplash.com/photo-1576602976047-174e57a47881?w=400' WHERE id = 24;
UPDATE drug SET image = 'https://images.unsplash.com/photo-1562243061-204550d8a2c9?w=400' WHERE id = 25;
-- 中药丸剂/滴丸（六味地黄丸、复方丹参滴丸、云南白药）
UPDATE drug SET image = 'https://images.unsplash.com/photo-1512069772995-ec65ed45afd6?w=400' WHERE id = 17;
UPDATE drug SET image = 'https://images.unsplash.com/photo-1607619056574-7b8d3ee536b2?w=400' WHERE id = 18;
UPDATE drug SET image = 'https://images.unsplash.com/photo-1583947215259-38e31be8751f?w=400' WHERE id = 29;
-- 注射液（氯化钠、葡萄糖）
UPDATE drug SET image = 'https://images.unsplash.com/photo-1631549916768-4119b2e5f926?w=400' WHERE id = 27;
UPDATE drug SET image = 'https://images.unsplash.com/photo-1559757175-5700dde675bc?w=400' WHERE id = 28;
-- 医疗器械（创可贴、口罩、体温计）
UPDATE drug SET image = 'https://images.unsplash.com/photo-1584017911766-d451b3d0e843?w=400' WHERE id = 30;
UPDATE drug SET image = 'https://images.unsplash.com/photo-1584634731339-252c581abfc5?w=400' WHERE id = 31;
UPDATE drug SET image = 'https://images.unsplash.com/photo-1584483766114-2cea6facdf57?w=400' WHERE id = 32;

-- ============================================================
-- 补充数据：2026年3月份丰富的业务数据
-- ============================================================

-- 3月份更多销售记录（补充到现有22条之后）
INSERT INTO sale_record (id, order_no, drug_id, batch_number, quantity, unit_price, amount, customer_name, operator_id, create_time) VALUES
(23, 'SO202603004', 1,  '20250601', 8,  15.80,  126.40, '方先生',     2, '2026-03-01 09:15:00'),
(24, 'SO202603005', 11, '20250601', 3,  19.80,  59.40,  '邓女士',     3, '2026-03-02 10:30:00'),
(25, 'SO202603006', 4,  '20250115', 6,  28.50,  171.00, '社区卫生站', 2, '2026-03-03 14:00:00'),
(26, 'SO202603007', 13, '20250701', 15, 11.00,  165.00, '街道诊所',   3, '2026-03-04 09:00:00'),
(27, 'SO202603008', 15, '20250901', 4,  24.80,  99.20,  '贺先生',     2, '2026-03-06 11:30:00'),
(28, 'SO202603009', 9,  '20250501', 3,  25.00,  75.00,  '丁女士',     3, '2026-03-07 15:00:00'),
(29, 'SO202603010', 6,  '20250301', 10, 18.50,  185.00, '钟先生',     2, '2026-03-08 09:45:00'),
(30, 'SO202603011', 20, '20250801', 2,  35.00,  70.00,  '吕女士',     3, '2026-03-09 14:20:00'),
(31, 'SO202603012', 5,  '20250201', 4,  38.00,  152.00, '白先生',     2, '2026-03-11 10:00:00'),
(32, 'SO202603013', 14, '20250801', 20, 8.50,   170.00, '三元里社区', 3, '2026-03-12 09:30:00'),
(33, 'SO202603014', 8,  '20250401', 6,  29.00,  174.00, '潘先生',     2, '2026-03-13 16:15:00'),
(34, 'SO202603015', 17, '20241001', 1,  28.00,  28.00,  '毛女士',     3, '2026-03-14 10:45:00'),
(35, 'SO202603016', 23, '20251101', 5,  29.80,  149.00, '龚先生',     2, '2026-03-15 11:00:00'),
(36, 'SO202603017', 10, '20250301', 8,  33.00,  264.00, '社区医院',   3, '2026-03-16 09:20:00'),
(37, 'SO202603018', 18, '20250601', 3,  36.00,  108.00, '邹先生',     2, '2026-03-17 14:30:00'),
(38, 'SO202603019', 21, '20250901', 2,  68.00,  136.00, '梁女士',     3, '2026-03-18 10:00:00'),
(39, 'SO202603020', 26, '20250801', 3,  88.00,  264.00, '段先生',     2, '2026-03-19 15:30:00');

-- 3月份新采购单
INSERT INTO purchase_order (id, order_no, supplier_id, total_amount, status, remark, creator_id, approver_id, create_time, update_time) VALUES
(11, 'PO202603002', 1, 4580.00,  2, '春季常用药品补货',               4, 1, '2026-03-02 09:00:00', '2026-03-05 16:00:00'),
(12, 'PO202603003', 3, 3200.00,  1, '感冒类药品季节性备货',           5, 1, '2026-03-10 09:00:00', '2026-03-12 16:00:00'),
(13, 'PO202603004', 5, 6800.00,  0, '二季度维生素类大批量采购',       4, NULL, '2026-03-15 09:00:00', '2026-03-15 09:00:00');

INSERT INTO purchase_order_item (id, purchase_order_id, drug_id, quantity, unit_price, amount) VALUES
(36, 11, 1,  300, 8.50,  2550.00),
(37, 11, 11, 150, 10.00, 1500.00),
(38, 11, 14, 80,  4.00,  320.00),
(39, 11, 19, 70,  3.00,  210.00),
(40, 12, 13, 200, 5.50,  1100.00),
(41, 12, 15, 80,  12.00, 960.00),
(42, 12, 16, 60,  8.00,  480.00),
(43, 12, 24, 30,  22.00, 660.00),
(44, 13, 20, 100, 20.00, 2000.00),
(45, 13, 21, 80,  35.00, 2800.00),
(46, 13, 22, 30,  40.00, 1200.00),
(47, 13, 23, 50,  16.00, 800.00);

-- 3月份出入库记录
INSERT INTO inventory_log (id, drug_id, inventory_id, type, quantity, before_quantity, after_quantity, reason, operator_id, create_time) VALUES
(33, 1,  2,  0, 300, 150, 450, '春季补货入库PO202603002',       4, '2026-03-05 10:00:00'),
(34, 11, 12, 0, 150, 260, 410, '春季补货入库PO202603002',       4, '2026-03-05 10:30:00'),
(35, 1,  2,  1, 8,   450, 442, '销售出库-方先生',               2, '2026-03-01 09:15:00'),
(36, 11, 12, 1, 3,   410, 407, '销售出库-邓女士',               3, '2026-03-02 10:30:00'),
(37, 4,  5,  1, 6,   250, 244, '销售出库-社区卫生站',           2, '2026-03-03 14:00:00'),
(38, 13, 14, 1, 15,  440, 425, '销售出库-街道诊所',             3, '2026-03-04 09:00:00'),
(39, 15, 16, 1, 4,   200, 196, '销售出库-贺先生',               2, '2026-03-06 11:30:00'),
(40, 6,  7,  1, 10,  250, 240, '销售出库-钟先生',               2, '2026-03-08 09:45:00'),
(41, 5,  6,  1, 4,   120, 116, '销售出库-白先生',               2, '2026-03-11 10:00:00'),
(42, 10, 11, 1, 8,   220, 212, '销售出库-社区医院',             3, '2026-03-16 09:20:00'),
(43, 26, 27, 1, 3,   60,  57,  '销售出库-段先生',               2, '2026-03-19 15:30:00');

-- 3月份更多效期预警
INSERT INTO expiry_alert (id, drug_id, inventory_id, batch_number, expiry_date, alert_level, status, handler_note, handle_time, create_time) VALUES
(11, 16, 17, '20250501', '2027-05-01', 0, 0, NULL,                                        NULL,                    '2026-03-01 08:00:00'),
(12, 8,  9,  '20250401', '2027-04-01', 0, 1, '库存周转正常，无需特殊处理',                 '2026-03-08 10:00:00',   '2026-03-01 08:00:00'),
(13, 29, 30, '20250601', '2027-06-01', 0, 0, NULL,                                        NULL,                    '2026-03-15 08:00:00');

-- 3月份更多操作日志
INSERT INTO operation_log (id, user_id, username, module, action, description, ip, create_time) VALUES
(19, 1, 'admin',       '系统管理', '登录',   '管理员登录系统',                                                       '192.168.1.100', '2026-03-01 08:00:00'),
(20, 2, 'pharmacist1', '销售管理', '销售',   '销售【阿莫西林胶囊】8盒给方先生',                                       '192.168.1.102', '2026-03-01 09:15:00'),
(21, 3, 'pharmacist2', '销售管理', '销售',   '销售【布洛芬缓释胶囊】3盒给邓女士',                                     '192.168.1.104', '2026-03-02 10:30:00'),
(22, 4, 'warehouse1',  '采购管理', '创建',   '创建采购单PO202603002，春季常用药品补货',                                '192.168.1.101', '2026-03-02 09:00:00'),
(23, 1, 'admin',       '采购管理', '审核',   '审核采购单PO202603002，批准入库',                                       '192.168.1.100', '2026-03-05 14:00:00'),
(24, 4, 'warehouse1',  '库存管理', '入库',   '采购入库PO202603002：阿莫西林胶囊300盒+布洛芬缓释胶囊150盒',            '192.168.1.101', '2026-03-05 10:00:00'),
(25, 2, 'pharmacist1', '销售管理', '销售',   '销售【阿司匹林肠溶片】6盒给社区卫生站',                                 '192.168.1.102', '2026-03-03 14:00:00'),
(26, 3, 'pharmacist2', '销售管理', '销售',   '销售【感康片】15盒给街道诊所',                                           '192.168.1.104', '2026-03-04 09:00:00'),
(27, 1, 'admin',       '效期预警', '处理',   '处理效期预警：蒙脱石散（批次20250401），确认库存周转正常',                '192.168.1.100', '2026-03-08 10:00:00'),
(28, 5, 'warehouse2',  '采购管理', '创建',   '创建采购单PO202603003，感冒类药品季节性备货',                            '192.168.1.103', '2026-03-10 09:00:00'),
(29, 2, 'pharmacist1', '销售管理', '销售',   '销售【辛伐他汀片】4盒给白先生',                                         '192.168.1.102', '2026-03-11 10:00:00'),
(30, 3, 'pharmacist2', '销售管理', '销售',   '销售【二甲双胍片】8盒给社区医院',                                       '192.168.1.104', '2026-03-16 09:20:00'),
(31, 4, 'warehouse1',  '采购管理', '创建',   '创建采购单PO202603004，二季度维生素类大批量采购',                        '192.168.1.101', '2026-03-15 09:00:00'),
(32, 2, 'pharmacist1', '销售管理', '销售',   '销售【复方丹参滴丸】3盒给邹先生',                                       '192.168.1.102', '2026-03-17 14:30:00'),
(33, 2, 'pharmacist1', '销售管理', '销售',   '销售【阿卡波糖片】3盒给段先生',                                         '192.168.1.102', '2026-03-19 15:30:00'),
(34, 4, 'warehouse1',  '库存管理', '盘点',   '2026年3月中旬库存盘点：全区域盘点，A区发现布洛芬缓释胶囊实际数量与系统一致', '192.168.1.101', '2026-03-15 17:00:00'),
(35, 1, 'admin',       '系统管理', '配置',   '更新系统效期预警阈值配置：红色预警调整为30天内过期',                      '192.168.1.100', '2026-03-10 16:00:00');
